Serial No.,College Name,Location,URL
1,BITS Pilani (Pilani Campus),Pilani,https://collegedunia.com/university/25800-bits-pilani-pilani-campus-pilani
2,Institute of Chemical Technology - [ICT],Mumbai,https://collegedunia.com/university/25705-institute-of-chemical-technology-ict-mumbai
3,Vellore Institute of Technology - [VIT University],Vellore,https://collegedunia.com/university/25914-vellore-institute-of-technology-vit-university-vellore
4,Thapar Institute of Engineering and Technology - [Thapar University],Patiala,https://collegedunia.com/university/25795-thapar-institute-of-engineering-and-technology-thapar-university-patiala
5,Indian Institute of Space Science and Technology - [IIST],Thiruvananthapuram,https://collegedunia.com/university/25642-indian-institute-of-space-science-and-technology-iist-thiruvananthapuram
6,Birla Institute of Technology - [BIT Mesra],Ranchi,https://collegedunia.com/university/13088-birla-institute-of-technology-bit-mesra-ranchi
7,Amity University,Noida,https://collegedunia.com/university/54797-amity-university-noida
8,SRM Engineering College,Kanchipuram,https://collegedunia.com/college/28254-srm-engineering-college-kanchipuram
9,SSN College of Engineering - [SSNCE],Chennai,https://collegedunia.com/college/14867-ssn-college-of-engineering-ssnce-chennai
10,SASTRA University,Thanjavur,https://collegedunia.com/university/25895-sastra-university-thanjavur
11,Manipal Institute of Technology - [MIT],Manipal,https://collegedunia.com/college/14265-manipal-institute-of-technology-mit-manipal
12,P.S.G College of Technology - [PSGCT],Coimbatore,https://collegedunia.com/college/24312-psg-college-of-technology-psgct-coimbatore
13,Sathyabama Institute of Science and Technology,Chennai,https://collegedunia.com/university/25897-sathyabama-institute-of-science-and-technology-chennai
14,Kalinga Institute of Industrial Technology - [KIIT],Bhubaneswar,https://collegedunia.com/university/25760-kalinga-institute-of-industrial-technology-kiit-bhubaneswar
15,Siksha 'O' Anusandhan University - [SOA],Bhubaneswar,https://collegedunia.com/university/54827-siksha-o-anusandhan-university-soa-bhubaneswar
16,K L University - [KLU],Guntur,https://collegedunia.com/university/25362-k-l-university-klu-guntur
17,Kalasalingam Academy of Research and Education,Krishnankovil,https://collegedunia.com/university/25883-kalasalingam-academy-of-research-and-education-krishnankovil
18,R V College of Engineering - [RVCE],Bangalore,https://collegedunia.com/college/14673-r-v-college-of-engineering-rvce-bangalore
19,Ramaiah Institute of Technology - [RIT],Bangalore,https://collegedunia.com/college/5621-ramaiah-institute-of-technology-rit-bangalore
20,International Institute of Information Technology - [IIIT-B],Bangalore,https://collegedunia.com/university/25604-international-institute-of-information-technology-iiitb-bangalore
21,BMS College of Engineering - [BMSCE],Bangalore,https://collegedunia.com/college/5540-bms-college-of-engineering-bmsce-bangalore
22,Karunya Institute of Technology and Sciences - [Karunya Deemed University],Coimbatore,https://collegedunia.com/university/25885-karunya-institute-of-technology-and-sciences-karunya-deemed-university-coimbatore
23,Kumaraguru College of Technology - [KCT],Coimbatore,https://collegedunia.com/college/14052-kumaraguru-college-of-technology-kct-coimbatore
24,Punjab Engineering College University of Technology - [PEC],Chandigarh,https://collegedunia.com/university/25424-punjab-engineering-college-university-of-technology-pec-chandigarh
25,Jaypee Institute of Information Technology University - [JIIT],Noida,https://collegedunia.com/university/25953-jaypee-institute-of-information-technology-university-jiit-noida
26,Indian Institute of Information Technology - [IIIT],Allahabad,https://collegedunia.com/university/25945-indian-institute-of-information-technology-iiit-allahabad
27,Dayalbagh Educational Institute Faculty of Engineering,Agra,https://collegedunia.com/college/28560-dayalbagh-educational-institute-faculty-of-engineering-agra
28,Mepco Schlenk Engineering College,Sivakasi,https://collegedunia.com/college/14325-mepco-schlenk-engineering-college-sivakasi
29,Sri Venkateswara University College of Engineering,Tirupati,https://collegedunia.com/college/57751-sri-venkateswara-university-college-of-engineering-tirupati
30,Dhirubhai Ambani Institute of Information and Communication Technology - [DA-IICT],Gandhinagar,https://collegedunia.com/university/25484-dhirubhai-ambani-institute-of-information-and-communication-technology-daiict-gandhinagar
31,Bharati Vidyapeeth Deemed University Pune,Pune,https://collegedunia.com/university/25688-bharati-vidyapeeth-deemed-university-pune-pune
32,Hindustan Institute of Technology and Science - [HITS],Chennai,https://collegedunia.com/university/25879-hindustan-institute-of-technology-and-science-hits-chennai
33,C. V. Raman Global University,Bhubaneswar,https://collegedunia.com/university/13147-c-v-raman-global-university-bhubaneswar
34,Sri Krishna College of Engineering and Technology - [SKCET],Coimbatore,https://collegedunia.com/college/15222-sri-krishna-college-of-engineering-and-technology-skcet-coimbatore
35,Kongu Engineering College - [KEC],Erode,https://collegedunia.com/college/14023-kongu-engineering-college-kec-erode
36,"Vignan's Foundation for Science, Technology, and Research",Guntur,https://collegedunia.com/university/25384-vignans-foundation-for-science-technology-and-research-guntur
37,B.S. Abdur Rahman Crescent Institute of Science & Technology - [BSAU],Chennai,https://collegedunia.com/university/25870-bs-abdur-rahman-crescent-institute-of-science-and-technology-bsau-chennai
38,Bannari Amman Institute of Technology - [BIT],Sathyamangalam,https://collegedunia.com/college/12991-bannari-amman-institute-of-technology-bit-sathyamangalam
39,Institute of Engineering and Management - [IEM],Kolkata,https://collegedunia.com/college/13834-institute-of-engineering-and-management-iem-kolkata
40,Sona College of Technology,Salem,https://collegedunia.com/college/15174-sona-college-of-technology-salem
41,Jain University - [JU],Bangalore,https://collegedunia.com/university/25606-jain-university-ju-bangalore
42,Chaitanya Bharathi Institute of Technology - [CBIT],Hyderabad,https://collegedunia.com/college/13190-chaitanya-bharathi-institute-of-technology-cbit-hyderabad
43,New Horizon College of Engineering - [NHCE],Bangalore,https://collegedunia.com/college/14483-new-horizon-college-of-engineering-nhce-bangalore
44,Veermata Jijabai Technological Institute - [VJTI],Mumbai,https://collegedunia.com/college/28202-veermata-jijabai-technological-institute-vjti-mumbai
45,"JNTUK University College of Engineering, Kakinada",East Godavari,https://collegedunia.com/college/45700-jntuk-university-college-of-engineering-kakinada-east-godavari
46,"Graphic Era University, School of Engineering and Technology - [GEU]",Dehradun,https://collegedunia.com/college/57256-graphic-era-university-school-of-engineering-and-technology-geu-dehradun
47,K. J. Somaiya College of Engineering - [KJSCE],Mumbai,https://collegedunia.com/college/13916-k-j-somaiya-college-of-engineering-kjsce-mumbai
48,"GH Raisoni College of Engineering - [GHRCE], Nagpur",Nagpur,https://collegedunia.com/college/13492-gh-raisoni-college-of-engineering-ghrce-nagpur-nagpur
49,Mukesh Patel School of Technology Management and Engineering - [MPSTME],Mumbai,https://collegedunia.com/college/14374-mukesh-patel-school-of-technology-management-and-engineering-mpstme-mumbai
50,Sardar Patel Institute of Technology - [SPIT],Mumbai,https://collegedunia.com/college/14948-sardar-patel-institute-of-technology-spit-mumbai
51,"Faculty of Engineering and Technology, Jain University - [FET JU]",Bangalore,https://collegedunia.com/college/14976-faculty-of-engineering-and-technology-jain-university-fet-ju-bangalore
52,Ramdeobaba University - [RBU],Nagpur,https://collegedunia.com/college/15096-ramdeobaba-university-rbu-nagpur
53,Vallurupalli Nageswara Rao Vignana Jyothi Institute of Engineering and Technology - [VNR VJIET],Hyderabad,https://collegedunia.com/college/45855-vallurupalli-nageswara-rao-vignana-jyothi-institute-of-engineering-and-technology-vnr-vjiet-hyderabad
54,National Institute of Food Technology Entrepreneurship and Management - [NIFTEM],Sonepat,https://collegedunia.com/university/25539-national-institute-of-food-technology-entrepreneurship-and-management-niftem-sonepat
55,Sri Jayachamarajendra College of Engineering - [SJCE],Mysore,https://collegedunia.com/college/15219-sri-jayachamarajendra-college-of-engineering-sjce-mysore
56,Jaypee University of Information Technology - [JUIT],Solan,https://collegedunia.com/university/25561-jaypee-university-of-information-technology-juit-solan
57,"University Institute of Engineering, Chandigarh University - [UIE]",Chandigarh,https://collegedunia.com/college/57085-university-institute-of-engineering-chandigarh-university-uie-chandigarh
58,"School of Engineering and Technology, NCU - [SOET]",Gurgaon,https://collegedunia.com/college/60026-school-of-engineering-and-technology-ncu-soet-gurgaon
59,Lovely Professional University - [LPU],Jalandhar,https://collegedunia.com/university/25787-lovely-professional-university-lpu-jalandhar
60,St. Joseph College Of Engineering,Kanchipuram,https://collegedunia.com/college/57841-st-joseph-college-of-engineering-kanchipuram
61,Saveetha Engineering College - [SEC],Chennai,https://collegedunia.com/college/14967-saveetha-engineering-college-sec-chennai
62,Sri Sairam Engineering College,Chennai,https://collegedunia.com/college/15258-sri-sairam-engineering-college-chennai
63,NMAM Institute of Technology - [NMAMIT],Udupi,https://collegedunia.com/college/56066-nmam-institute-of-technology-nmamit-udupi
64,"CVR College of Engineering, Ibrahimpatnam",Rangareddy,https://collegedunia.com/college/13148-cvr-college-of-engineering-ibrahimpatnam-rangareddy
65,Yeshwantrao Chavan College of Engineering - [YCCE],Nagpur,https://collegedunia.com/college/15508-yeshwantrao-chavan-college-of-engineering-ycce-nagpur
66,"Institute of Technology, Nirma University",Ahmedabad,https://collegedunia.com/college/24100-institute-of-technology-nirma-university-ahmedabad
67,Sant Longowal Institute of Engineering and Technology - [SLIET],Sangrur,https://collegedunia.com/university/25793-sant-longowal-institute-of-engineering-and-technology-sliet-sangrur
68,Sri Ramakrishna Engineering College - [SREC],Coimbatore,https://collegedunia.com/college/15243-sri-ramakrishna-engineering-college-srec-coimbatore
69,Chennai Institute of Technology - [CIT],Chennai,https://collegedunia.com/college/13210-chennai-institute-of-technology-cit-chennai
70,Institute of Aeronautical Engineering - [IARE],Hyderabad,https://collegedunia.com/college/7153-institute-of-aeronautical-engineering-iare-hyderabad
71,Nitte Meenakshi Institute of Technology - [NMIT],Bangalore,https://collegedunia.com/college/14500-nitte-meenakshi-institute-of-technology-nmit-bangalore
72,Sri Venkateswara College of Engineering - [SVCE],Sriperumbudur,https://collegedunia.com/college/15281-sri-venkateswara-college-of-engineering-svce-sriperumbudur
73,Rajalakshmi Engineering College - [REC],Chennai,https://collegedunia.com/college/55671-rajalakshmi-engineering-college-rec-chennai
74,PES University - [PESU],Bangalore,https://collegedunia.com/university/28294-pes-university-pesu-bangalore
75,Heritage Institute of Technology - [HIT],Kolkata,https://collegedunia.com/college/13708-heritage-institute-of-technology-hit-kolkata
76,Sri Krishna College of Technology - [SKCT],Coimbatore,https://collegedunia.com/college/15223-sri-krishna-college-of-technology-skct-coimbatore
77,PSNA College of Engineering and Technology,Dindigul,https://collegedunia.com/college/24315-psna-college-of-engineering-and-technology-dindigul
78,BV Raju Institute of Technology - [BVRIT],Hyderabad,https://collegedunia.com/college/24327-bv-raju-institute-of-technology-bvrit-hyderabad
79,University of Petroleum and Energy Studies - [UPES],Dehradun,https://collegedunia.com/university/25997-university-of-petroleum-and-energy-studies-upes-dehradun
80,Vardhaman College of Engineering - [VCE],Hyderabad,https://collegedunia.com/college/19133-vardhaman-college-of-engineering-vce-hyderabad
81,BMS Institute of Technology and Management - [BMSIT],Bangalore,https://collegedunia.com/college/12944-bms-institute-of-technology-and-management-bmsit-bangalore
82,B. N. M. Institute of Technology - [BNMIT],Bangalore,https://collegedunia.com/college/12946-b-n-m-institute-of-technology-bnmit-bangalore
83,KLE Technological University,Hubli,https://collegedunia.com/university/12953-kle-technological-university-hubli
84,RMK Engineering College - [RMKEC],Thiruvallur,https://collegedunia.com/college/14660-rmk-engineering-college-rmkec-thiruvallur
85,MIT World Peace University - [MIT-WPU],Pune,https://collegedunia.com/university/18416-mit-world-peace-university-mitwpu-pune
86,Vishwakarma Institute of Information Technology - [VIIT],Pune,https://collegedunia.com/college/28914-vishwakarma-institute-of-information-technology-viit-pune
87,Anurag University,Hyderabad,https://collegedunia.com/university/13149-anurag-university-hyderabad
88,Narula Institute of Technology - [NIT Agarpara],Kolkata,https://collegedunia.com/college/14438-narula-institute-of-technology-nit-agarpara-kolkata
89,PES College of Engineering - [PESCE],Mandya,https://collegedunia.com/college/14554-pes-college-of-engineering-pesce-mandya
90,Sree Vidyanikethan Engineering College - [SVEC],Tirupati,https://collegedunia.com/college/15198-sree-vidyanikethan-engineering-college-svec-tirupati
91,"Manav Rachna International Institute Of Research And Studies, Faculty of Engineering and Technology - [MRIIRSFET]",Faridabad,https://collegedunia.com/college/28945-manav-rachna-international-institute-of-research-and-studies-faculty-of-engineering-and-technology-mriirsfet-faridabad
92,Vasavi College of Engineering,Hyderabad,https://collegedunia.com/college/24580-vasavi-college-of-engineering-hyderabad
93,CMR Institute of Technology - [CMRIT],Bangalore,https://collegedunia.com/college/13134-cmr-institute-of-technology-cmrit-bangalore
94,G. Pulla Reddy Engineering College - [GPREC],Kurnool,https://collegedunia.com/college/13480-g-pulla-reddy-engineering-college-gprec-kurnool
95,Haldia Institute of Technology - [HIT],Haldia,https://collegedunia.com/college/13695-haldia-institute-of-technology-hit-haldia
96,Ramrao Adik Institute of Technology - [RAIT],Navi Mumbai,https://collegedunia.com/college/14751-ramrao-adik-institute-of-technology-rait-navi-mumbai
97,Sri Venkateswara College of Engineering and Technology - [SVCET],Chittoor,https://collegedunia.com/college/15286-sri-venkateswara-college-of-engineering-and-technology-svcet-chittoor
98,The National Institute of Engineering - [NIE],Mysore,https://collegedunia.com/college/15466-the-national-institute-of-engineering-nie-mysore
99,North Eastern Regional Institute of Science and Technology - [NERIST],Itanagar,https://collegedunia.com/university/25388-north-eastern-regional-institute-of-science-and-technology-nerist-itanagar
100,Velagapudi Ramakrishna Siddhartha Engineering College - [VRSEC],Vijayawada,https://collegedunia.com/college/28297-velagapudi-ramakrishna-siddhartha-engineering-college-vrsec-vijayawada
101,Dr. Mahalingam College of Engineering & Technology - [MCET],Pollachi,https://collegedunia.com/college/13393-dr-mahalingam-college-of-engineering-and-technology-mcet-pollachi
102,Gokaraju Rangaraju Institute of Engineering and Technology - [GRIET],Hyderabad,https://collegedunia.com/college/13570-gokaraju-rangaraju-institute-of-engineering-and-technology-griet-hyderabad
103,Kakatiya Institute of Technology & Science - [KITSW],Warangal,https://collegedunia.com/college/13955-kakatiya-institute-of-technology-and-science-kitsw-warangal
104,Shri Vishnu Engineering College for Women - [SVECW],Bhimavaram,https://collegedunia.com/college/15116-shri-vishnu-engineering-college-for-women-svecw-bhimavaram
105,Alliance College of Engineering and Design,Bangalore,https://collegedunia.com/college/28379-alliance-college-of-engineering-and-design-bangalore
106,Saveetha School of Engineering - [SSE],Chennai,https://collegedunia.com/college/56310-saveetha-school-of-engineering-sse-chennai
107,Pimpri Chinchwad College of Engineering - [PCCOE],Pune,https://collegedunia.com/college/14564-pimpri-chinchwad-college-of-engineering-pccoe-pune
108,Dwarkadas J Sanghvi College of Engineering - [DJSCE],Mumbai,https://collegedunia.com/college/13419-dwarkadas-j-sanghvi-college-of-engineering-djsce-mumbai
109,Fr. Conceicao Rodrigues College of Engineering - [CRCE],Mumbai,https://collegedunia.com/college/13471-fr-conceicao-rodrigues-college-of-engineering-crce-mumbai
110,Dr. M.G.R. Educational and Research Institute,Chennai,https://collegedunia.com/university/25877-dr-mgr-educational-and-research-institute-chennai
111,Basaveshwar Engineering College - [BEC],Bagalkot,https://collegedunia.com/college/13006-basaveshwar-engineering-college-bec-bagalkot
112,MKSSS's Cummins College of Engineering for Women,Pune,https://collegedunia.com/college/13284-mkssss-cummins-college-of-engineering-for-women-pune
113,Sagi Ramakrishnam Raju Engineering College - [SRKR ],Bhimavaram,https://collegedunia.com/college/14851-sagi-ramakrishnam-raju-engineering-college-srkr-bhimavaram
114,Sri Sairam Institute of Technology - [SSIT],Chennai,https://collegedunia.com/college/15257-sri-sairam-institute-of-technology-ssit-chennai
115,Vel Tech Multi Tech Dr. Rangarajan Dr. Sakunthala Engineering College,Chennai,https://collegedunia.com/college/28304-vel-tech-multi-tech-dr-rangarajan-dr-sakunthala-engineering-college-chennai
116,Thakur College of Engineering and Technology - [TCET],Mumbai,https://collegedunia.com/college/54796-thakur-college-of-engineering-and-technology-tcet-mumbai
117,Easwari Engineering College - [EEC],Chennai,https://collegedunia.com/college/13432-easwari-engineering-college-eec-chennai
118,Gayatri Vidya Parishad College of Engineering,Visakhapatnam,https://collegedunia.com/college/13545-gayatri-vidya-parishad-college-of-engineering-visakhapatnam
119,Dr. B R Ambedkar Institute of Technology,Port Blair,https://collegedunia.com/college/56224-dr-b-r-ambedkar-institute-of-technology-port-blair
120,Manipal University - [MUJ],Jaipur,https://collegedunia.com/university/25829-manipal-university-muj-jaipur
121,The LNM Institute of Information Technology - [LNMIIT],Jaipur,https://collegedunia.com/university/25850-the-lnm-institute-of-information-technology-lnmiit-jaipur
122,SRM Institute of Science and Technology - [SRMIST],Chennai,https://collegedunia.com/university/25896-srm-institute-of-science-and-technology-srmist-chennai
123,Christ University,Bangalore,https://collegedunia.com/university/25598-christ-university-bangalore
124,Manipal Academy of Higher Education - [MAHE],Manipal,https://collegedunia.com/university/25617-manipal-academy-of-higher-education-mahe-manipal
125,Centurion University of Technology and Management - [CUTM],Bhubaneswar,https://collegedunia.com/university/25757-centurion-university-of-technology-and-management-cutm-bhubaneswar
126,Sharda University,Greater Noida,https://collegedunia.com/university/25972-sharda-university-greater-noida
127,SVKM's Narsee Monjee Institute of Management Studies - [NMIMS University],Navi Mumbai,https://collegedunia.com/university/60329-svkms-narsee-monjee-institute-of-management-studies-nmims-university-navi-mumbai
128,K.R. Mangalam University,Gurgaon,https://collegedunia.com/university/25462-kr-mangalam-university-gurgaon
129,Galgotias University - [GU],Greater Noida,https://collegedunia.com/university/25940-galgotias-university-gu-greater-noida
130,Nirma University,Ahmedabad,https://collegedunia.com/university/25503-nirma-university-ahmedabad
131,REVA University,Bangalore,https://collegedunia.com/university/54859-reva-university-bangalore
132,Bennett University,Greater Noida,https://collegedunia.com/university/55776-bennett-university-greater-noida
133,Chitkara University - [CU],Patiala,https://collegedunia.com/university/25778-chitkara-university-cu-patiala
134,Singhania University,Jhunjhunu,https://collegedunia.com/university/25846-singhania-university-jhunjhunu
135,Shiv Nadar University - [SNU],Greater Noida,https://collegedunia.com/university/25973-shiv-nadar-university-snu-greater-noida
136,Harcourt Butler Technological University - [HBTU],Kanpur,https://collegedunia.com/university/13697-harcourt-butler-technological-university-hbtu-kanpur
137,Jaipur National University - [JNU],Jaipur,https://collegedunia.com/university/25819-jaipur-national-university-jnu-jaipur
138,Integral University,Lucknow,https://collegedunia.com/university/25950-integral-university-lucknow
139,Vellore Institute of Technology - [VIT],Chennai,https://collegedunia.com/university/56865-vellore-institute-of-technology-vit-chennai
140,K L University - [KLH],Hyderabad,https://collegedunia.com/university/59410-k-l-university-klh-hyderabad
141,Manav Rachna International Institute of Research and Studies - [MRIIRS],Faridabad,https://collegedunia.com/university/25536-manav-rachna-international-institute-of-research-and-studies-mriirs-faridabad
142,Pandit Deendayal Energy University - [PDEU],Gandhinagar,https://collegedunia.com/university/25504-pandit-deendayal-energy-university-pdeu-gandhinagar
143,Alliance University,Bangalore,https://collegedunia.com/university/25591-alliance-university-bangalore
144,"Pandit Deendayal Energy University, School of Technology - [PDEU SOT]",Gandhinagar,https://collegedunia.com/college/28749-pandit-deendayal-energy-university-school-of-technology-pdeu-sot-gandhinagar
145,Amity University,Kolkata,https://collegedunia.com/university/56556-amity-university-kolkata
146,VIT Bhopal University,Bhopal,https://collegedunia.com/university/59253-vit-bhopal-university-bhopal
147,Acharya Institute of Technology - [AIT],Bangalore,https://collegedunia.com/college/12715-acharya-institute-of-technology-ait-bangalore
148,MVJ College of Engineering - [MVJCE],Bangalore,https://collegedunia.com/college/14164-mvj-college-of-engineering-mvjce-bangalore
149,DIT University - [DIT],Dehradun,https://collegedunia.com/university/13321-dit-university-dit-dehradun
150,Bharath University - Bharath Institute of Higher Education and Research - [BIHER],Chennai,https://collegedunia.com/university/25871-bharath-university-bharath-institute-of-higher-education-and-research-biher-chennai
151,GLA University,Mathura,https://collegedunia.com/university/25939-gla-university-mathura
152,J.S. University - [JSU],Shikohabad,https://collegedunia.com/university/59054-js-university-jsu-shikohabad
153,Amity University,Mumbai,https://collegedunia.com/university/56517-amity-university-mumbai
154,NIMS University,Jaipur,https://collegedunia.com/university/25833-nims-university-jaipur
155,"Vels Institute of Science, Technology & Advanced Studies",Chennai,https://collegedunia.com/university/25911-vels-institute-of-science-technology-and-advanced-studies-chennai
156,Techno India University,Kolkata,https://collegedunia.com/university/15439-techno-india-university-kolkata
157,Vishwakarma Institute of Technology,Pune,https://collegedunia.com/college/24615-vishwakarma-institute-of-technology-pune
158,JECRC University - [JU],Jaipur,https://collegedunia.com/university/25820-jecrc-university-ju-jaipur
159,Birla Institute of Technology and Science - [BITS],Hyderabad,https://collegedunia.com/university/28467-birla-institute-of-technology-and-science-bits-hyderabad
160,NIST University,Berhampur,https://collegedunia.com/university/14454-nist-university-berhampur
161,Silicon University,Bhubaneswar,https://collegedunia.com/college/15135-silicon-university-bhubaneswar
162,Centurion University of Technology and Management - [CUTM],Paralkhemundi,https://collegedunia.com/university/59596-centurion-university-of-technology-and-management-cutm-paralkhemundi
163,Sanskriti University - [SU],Mathura,https://collegedunia.com/university/57227-sanskriti-university-su-mathura
164,Adamas University,Kolkata,https://collegedunia.com/university/55140-adamas-university-kolkata
165,Ganpat University - [GUNI],Mehsana,https://collegedunia.com/university/25486-ganpat-university-guni-mehsana
166,CEPT University,Ahmedabad,https://collegedunia.com/university/25481-cept-university-ahmedabad
167,Birla Institute of Technology and Science - [BITS],South Goa,https://collegedunia.com/university/13090-birla-institute-of-technology-and-science-bits-south-goa
168,Mahatma Gandhi Institute of Technology - [MGIT],Hyderabad,https://collegedunia.com/college/14215-mahatma-gandhi-institute-of-technology-mgit-hyderabad
169,Prasad V. Potluri Siddhartha Institute of Technology - [PVPSIT],Vijayawada,https://collegedunia.com/college/14587-prasad-v-potluri-siddhartha-institute-of-technology-pvpsit-vijayawada
170,RKDF University,Bhopal,https://collegedunia.com/university/25684-rkdf-university-bhopal
171,SunRise University - [SRU],Alwar,https://collegedunia.com/university/25848-sunrise-university-sru-alwar
172,Uttaranchal University,Dehradun,https://collegedunia.com/university/26001-uttaranchal-university-dehradun
173,OPJS University,Churu,https://collegedunia.com/university/54988-opjs-university-churu
174,"PDM University, Bahadurgarh",Bahadurgarh,https://collegedunia.com/university/58545-pdm-university-bahadurgarh-bahadurgarh
175,Centurion University of Technology and Management - [CUTM],Vizianagaram,https://collegedunia.com/university/59556-centurion-university-of-technology-and-management-cutm-vizianagaram
176,RKDF University,Ranchi,https://collegedunia.com/university/60294-rkdf-university-ranchi
177,MLR Institute of Technology - [MLRIT],Hyderabad,https://collegedunia.com/college/58194-mlr-institute-of-technology-mlrit-hyderabad
178,BML Munjal University - [BMU],Gurgaon,https://collegedunia.com/university/55158-bml-munjal-university-bmu-gurgaon
179,Shoolini University,Solan,https://collegedunia.com/university/25565-shoolini-university-solan
180,Banasthali Vidyapith,Jaipur,https://collegedunia.com/university/25798-banasthali-vidyapith-jaipur
181,Amity University,Jaipur,https://collegedunia.com/university/25797-amity-university-jaipur
182,CMR University - [CMRU],Bangalore,https://collegedunia.com/university/56100-cmr-university-cmru-bangalore
183,Bangalore Institute of Technology - [BIT],Bangalore,https://collegedunia.com/college/12989-bangalore-institute-of-technology-bit-bangalore
184,Poornima University - [PU],Jaipur,https://collegedunia.com/university/25837-poornima-university-pu-jaipur
185,Sikkim Manipal University - [SMU],East Sikkim,https://collegedunia.com/university/25857-sikkim-manipal-university-smu-east-sikkim
186,Monad University,Hapur,https://collegedunia.com/university/25960-monad-university-hapur
187,Graphic Era University - [GEU],Dehradun,https://collegedunia.com/university/25985-graphic-era-university-geu-dehradun
188,Chandigarh Group of Colleges - [CGC] Landran,Mohali,https://collegedunia.com/college/28064-chandigarh-group-of-colleges-cgc-landran-mohali
189,Mody University,Sikar,https://collegedunia.com/university/28802-mody-university-sikar
190,Brainware University,Kolkata,https://collegedunia.com/university/57217-brainware-university-kolkata
191,Institute Technology & Management - [ITM],Gwalior,https://collegedunia.com/college/57453-institute-technology-and-management-itm-gwalior
192,Sandip University,Madhubani,https://collegedunia.com/university/60381-sandip-university-madhubani
193,Malla Reddy Engineering College - [MREC],Hyderabad,https://collegedunia.com/college/14241-malla-reddy-engineering-college-mrec-hyderabad
194,Amity University,Gurgaon,https://collegedunia.com/university/25516-amity-university-gurgaon
195,Shobhit University,Meerut,https://collegedunia.com/university/25974-shobhit-university-meerut
196,Sri Sri University - [SSU],Cuttack,https://collegedunia.com/university/25768-sri-sri-university-ssu-cuttack
197,Garden City University - [GCU],Bangalore,https://collegedunia.com/university/1348-garden-city-university-gcu-bangalore
198,Madras Institute of Technology- [MIT],Chennai,https://collegedunia.com/college/14178-madras-institute-of-technology-mit-chennai
199,Malla Reddy College of Engineering - [MRCE],Secunderabad,https://collegedunia.com/college/17403-malla-reddy-college-of-engineering-mrce-secunderabad
200,Indus University,Ahmedabad,https://collegedunia.com/university/25496-indus-university-ahmedabad
201,Academy of Maritime Education and Training University - [AMET],Chennai,https://collegedunia.com/university/25860-academy-of-maritime-education-and-training-university-amet-chennai
202,IFTM University,Moradabad,https://collegedunia.com/university/25944-iftm-university-moradabad
203,Marwadi University - [MU],Rajkot,https://collegedunia.com/university/28764-marwadi-university-mu-rajkot
204,Glocal University,Saharanpur,https://collegedunia.com/university/57243-glocal-university-saharanpur
205,Indraprastha Institute of Technology and Management - [IITM],New Delhi,https://collegedunia.com/college/59778-indraprastha-institute-of-technology-and-management-iitm-new-delhi
206,SAGE University,Bhopal,https://collegedunia.com/university/60306-sage-university-bhopal
207,YBN University - [YBN],Ranchi,https://collegedunia.com/university/60374-ybn-university-ybn-ranchi
208,RIMT University,Gobindgarh,https://collegedunia.com/university/28173-rimt-university-gobindgarh
209,AMC Engineering College - [AMC],Bangalore,https://collegedunia.com/college/12679-amc-engineering-college-amc-bangalore
210,Aditya Engineering College - [AEC],East Godavari,https://collegedunia.com/college/12733-aditya-engineering-college-aec-east-godavari
211,Maharaja Agrasen Institute of Technology - [MAIT],New Delhi,https://collegedunia.com/college/14191-maharaja-agrasen-institute-of-technology-mait-new-delhi
212,Maharaja Surajmal Institute of Technology - [MSIT],New Delhi,https://collegedunia.com/college/14199-maharaja-surajmal-institute-of-technology-msit-new-delhi
213,Panimalar Engineering College,Chennai,https://collegedunia.com/college/24339-panimalar-engineering-college-chennai
214,MATS University,Raipur,https://collegedunia.com/university/25441-mats-university-raipur
215,Suresh Gyan Vihar University - [SGVU],Jaipur,https://collegedunia.com/university/25849-suresh-gyan-vihar-university-sgvu-jaipur
216,Ponnaiyah Ramajayam Institute of Science and Technology University - [PRIST University],Thanjavur,https://collegedunia.com/university/25893-ponnaiyah-ramajayam-institute-of-science-and-technology-university-prist-university-thanjavur
217,Invertis University,Bareilly,https://collegedunia.com/university/25951-invertis-university-bareilly
218,Acropolis Institute of Technology & Research - [AITR],Indore,https://collegedunia.com/college/56354-acropolis-institute-of-technology-and-research-aitr-indore
219,Quantum University,Roorkee,https://collegedunia.com/university/59283-quantum-university-roorkee
220,SAGE University,Indore,https://collegedunia.com/university/59351-sage-university-indore
221,Model Institute of Engineering and Technology - [MIET],Jammu,https://collegedunia.com/college/14346-model-institute-of-engineering-and-technology-miet-jammu
222,RVR and JC College of Engineering,Guntur,https://collegedunia.com/college/14677-rvr-and-jc-college-of-engineering-guntur
223,Rabindranath Tagore University - [RNTU],Bhopal,https://collegedunia.com/university/25656-rabindranath-tagore-university-rntu-bhopal
224,Sister Nivedita University - [SNU],Kolkata,https://collegedunia.com/university/59341-sister-nivedita-university-snu-kolkata
225,CMJ University,Ri-Bhoi,https://collegedunia.com/university/25737-cmj-university-ribhoi
226,Mangalayatan University - [MU],Aligarh,https://collegedunia.com/university/25958-mangalayatan-university-mu-aligarh
227,Navrachana University - [NUV],Vadodara,https://collegedunia.com/university/25501-navrachana-university-nuv-vadodara
228,Amity University,Patna,https://collegedunia.com/university/15588-amity-university-patna
229,GLS University,Ahmedabad,https://collegedunia.com/university/55864-gls-university-ahmedabad
230,Karnavati University - [KU],Gandhinagar,https://collegedunia.com/university/59251-karnavati-university-ku-gandhinagar
231,Noida Institute of Engineering and Technology - [NIET],Greater Noida,https://collegedunia.com/college/9743-noida-institute-of-engineering-and-technology-niet-greater-noida
232,ABES Engineering College,Ghaziabad,https://collegedunia.com/college/12665-abes-engineering-college-ghaziabad
233,Asansol Engineering College - [AEC],Asansol,https://collegedunia.com/college/12891-asansol-engineering-college-aec-asansol
234,Bharati Vidyapeeth's College of Engineering - [BVCOE],New Delhi,https://collegedunia.com/college/13059-bharati-vidyapeeths-college-of-engineering-bvcoe-new-delhi
235,Gudlavalleru Engineering College - [GEC],Krishna,https://collegedunia.com/college/13642-gudlavalleru-engineering-college-gec-krishna
236,Jaypee University of Engineering and Technology - [JUET],Guna,https://collegedunia.com/university/13873-jaypee-university-of-engineering-and-technology-juet-guna
237,Sri Venkateswara College of Engineering - [SVCE],Tirupati,https://collegedunia.com/college/15284-sri-venkateswara-college-of-engineering-svce-tirupati
238,Thadomal Shahani Engineering College - [TSEC],Mumbai,https://collegedunia.com/college/15452-thadomal-shahani-engineering-college-tsec-mumbai
239,Velammal Engineering College - [VEC],Chennai,https://collegedunia.com/college/24590-velammal-engineering-college-vec-chennai
240,Oriental University - [OU],Indore,https://collegedunia.com/university/25680-oriental-university-ou-indore
241,University of Science and Technology - [USTM],Ri-Bhoi,https://collegedunia.com/university/25745-university-of-science-and-technology-ustm-ribhoi
242,Guru Kashi University,Bathinda,https://collegedunia.com/university/25783-guru-kashi-university-bathinda
243,Noida International University - [NIU],Greater Noida,https://collegedunia.com/university/25964-noida-international-university-niu-greater-noida
244,Central Institute of Technology - [CIT],Kokrajhar,https://collegedunia.com/university/45650-central-institute-of-technology-cit-kokrajhar
245,Vidyalankar Institute of Technology - [VIT],Mumbai,https://collegedunia.com/college/45849-vidyalankar-institute-of-technology-vit-mumbai
246,Madhav University - [MU],Sirohi,https://collegedunia.com/university/54829-madhav-university-mu-sirohi
247,Graphic Era Hill University - [GEHU],Dehradun,https://collegedunia.com/university/57205-graphic-era-hill-university-gehu-dehradun
248,University of Engineering and Management - [UEM],Kolkata,https://collegedunia.com/college/57446-university-of-engineering-and-management-uem-kolkata
249,Mangalayatan University,Jabalpur,https://collegedunia.com/university/60260-mangalayatan-university-jabalpur
250,Assam down town University - [ADTU],Guwahati,https://collegedunia.com/university/25391-assam-down-town-university-adtu-guwahati
251,Amity University,Gwalior,https://collegedunia.com/university/25658-amity-university-gwalior
252,GSFC University,Vadodara,https://collegedunia.com/university/58510-gsfc-university-vadodara
253,Federal Institute of Science and Technology - [FISAT],Ernakulam,https://collegedunia.com/college/13462-federal-institute-of-science-and-technology-fisat-ernakulam
254,Galgotias College of Engineering and Technology - [GCET],Greater Noida,https://collegedunia.com/college/13522-galgotias-college-of-engineering-and-technology-gcet-greater-noida
255,Global Academy of Technology - [GAT],Bangalore,https://collegedunia.com/college/13557-global-academy-of-technology-gat-bangalore
256,HKBK Group of Institutions,Bangalore,https://collegedunia.com/college/13688-hkbk-group-of-institutions-bangalore
257,Sri Vasavi Engineering College - [SVEC],Tadepalligudem,https://collegedunia.com/college/15276-sri-vasavi-engineering-college-svec-tadepalligudem
258,Uka Tarsadia University,Bardoli,https://collegedunia.com/university/25514-uka-tarsadia-university-bardoli
259,AKS University - [AKSU],Satna,https://collegedunia.com/university/25655-aks-university-aksu-satna
260,ITM University,Gwalior,https://collegedunia.com/university/25668-itm-university-gwalior
261,Jagannath University,Jaipur,https://collegedunia.com/university/25815-jagannath-university-jaipur
262,Babu Banarasi Das University - [BBDU],Lucknow,https://collegedunia.com/university/25923-babu-banarasi-das-university-bbdu-lucknow
263,JIS College of Engineering - [JISCE],Kolkata,https://collegedunia.com/college/45696-jis-college-of-engineering-jisce-kolkata
264,Rayat Bahra University,Mohali,https://collegedunia.com/university/54837-rayat-bahra-university-mohali
265,Amity University,Raipur,https://collegedunia.com/university/55898-amity-university-raipur
266,IILM University,Gurgaon,https://collegedunia.com/university/59552-iilm-university-gurgaon
267,Cambridge Institute of Technology - [CiTech],Bangalore,https://collegedunia.com/college/56039-cambridge-institute-of-technology-citech-bangalore
268,RC Patel Institute of Technology - [RCPIT],Shirpur,https://collegedunia.com/college/14640-rc-patel-institute-of-technology-rcpit-shirpur
269,St. Francis Institute of Technology - [SFIT],Mumbai,https://collegedunia.com/college/15309-st-francis-institute-of-technology-sfit-mumbai
270,ICFAI University,West Tripura,https://collegedunia.com/university/25915-icfai-university-west-tripura
271,Atharva College of Engineering,Mumbai,https://collegedunia.com/college/12904-atharva-college-of-engineering-mumbai
272,Don Bosco Institute of Technology - [DBIT],Mumbai,https://collegedunia.com/college/13358-don-bosco-institute-of-technology-dbit-mumbai
273,GNIOT Group of Institutions - [GNIOT],Greater Noida,https://collegedunia.com/college/13636-gniot-group-of-institutions-gniot-greater-noida
274,Jeppiaar Engineering College,Chennai,https://collegedunia.com/college/13876-jeppiaar-engineering-college-chennai
275,Karpagam College of Engineering - [KCE],Coimbatore,https://collegedunia.com/college/13985-karpagam-college-of-engineering-kce-coimbatore
276,KIET Group of Institutions - [KIET],Ghaziabad,https://collegedunia.com/college/14038-kiet-group-of-institutions-kiet-ghaziabad
277,PES College of Engineering - [PESCOE],Aurangabad,https://collegedunia.com/college/14553-pes-college-of-engineering-pescoe-aurangabad
278,Raghu Engineering College - [REC],Visakhapatnam,https://collegedunia.com/college/14691-raghu-engineering-college-rec-visakhapatnam
279,Symbiosis Institute of Technology - [SIT],Pune,https://collegedunia.com/college/15409-symbiosis-institute-of-technology-sit-pune
280,Terna Engineering College Navi Mumbai,Mumbai,https://collegedunia.com/college/15450-terna-engineering-college-navi-mumbai-mumbai
281,Vivekanand Education Society Institute of Technology - [VESIT],Mumbai,https://collegedunia.com/college/15528-vivekanand-education-society-institute-of-technology-vesit-mumbai
282,Sreenidhi Institute of Science and Technology - [SNIST],Hyderabad,https://collegedunia.com/college/16918-sreenidhi-institute-of-science-and-technology-snist-hyderabad
283,Paavai Engineering College (Autonomous),Namakkal,https://collegedunia.com/college/24320-paavai-engineering-college-autonomous-namakkal
284,Assam Don Bosco University - [ADBU],Guwahati,https://collegedunia.com/university/25394-assam-don-bosco-university-adbu-guwahati
285,RK University - [RKU],Rajkot,https://collegedunia.com/university/25505-rk-university-rku-rajkot
286,Baddi University of Emerging Sciences and Technologies - [BUEST],Baddi,https://collegedunia.com/university/25548-baddi-university-of-emerging-sciences-and-technologies-buest-baddi
287,Sai Nath University,Ranchi,https://collegedunia.com/university/25588-sai-nath-university-ranchi
288,GITAM,Bangalore,https://collegedunia.com/university/25600-gitam-bangalore
289,Yenepoya University,Mangalore,https://collegedunia.com/university/25634-yenepoya-university-mangalore
290,DAV University,Jalandhar,https://collegedunia.com/university/25779-dav-university-jalandhar
291,Pacific University,Udaipur,https://collegedunia.com/university/25836-pacific-university-udaipur
292,ICFAI University,Dehradun,https://collegedunia.com/university/25990-icfai-university-dehradun
293,KCG College of Technology,Chennai,https://collegedunia.com/college/28290-kcg-college-of-technology-chennai
294,Silicon Institute of Technology - [SIT],Sambalpur,https://collegedunia.com/college/28581-silicon-institute-of-technology-sit-sambalpur
295,Birla Institute of Technology - [BIT],Patna,https://collegedunia.com/college/45043-birla-institute-of-technology-bit-patna
296,Birla Global University - [BGU],Bhubaneswar,https://collegedunia.com/university/55881-birla-global-university-bgu-bhubaneswar
297,GITAM,Hyderabad,https://collegedunia.com/university/55950-gitam-hyderabad
298,Medi-Caps University,Indore,https://collegedunia.com/university/56455-medicaps-university-indore
299,GNA University,Phagwara,https://collegedunia.com/university/57065-gna-university-phagwara
300,Mahindra University,Hyderabad,https://collegedunia.com/university/57221-mahindra-university-hyderabad
301,The Neotia University - [TNU],Kolkata,https://collegedunia.com/university/57421-the-neotia-university-tnu-kolkata
302,Starex University,Gurgaon,https://collegedunia.com/university/58981-starex-university-gurgaon
303,Institute of Engineering and Science - [IES],Indore,https://collegedunia.com/college/28957-institute-of-engineering-and-science-ies-indore
304,GIFT Autonomous,Bhubaneswar,https://collegedunia.com/college/13528-gift-autonomous-bhubaneswar
305,Parul University,Vadodara,https://collegedunia.com/university/55884-parul-university-vadodara
306,Dr. C.V. Raman University - [CVRU],Bilaspur,https://collegedunia.com/university/25429-dr-cv-raman-university-cvru-bilaspur
307,Jigyasa University (Formerly Himgiri Zee University),Dehradun,https://collegedunia.com/university/25989-jigyasa-university-formerly-himgiri-zee-university-dehradun
308,Jagran Lakecity University - [JLU],Bhopal,https://collegedunia.com/university/54856-jagran-lakecity-university-jlu-bhopal
309,ACS College of Engineering - [ACSCE],Bangalore,https://collegedunia.com/college/12672-acs-college-of-engineering-acsce-bangalore
310,Adhiyamaan College of Engineering,Hosur,https://collegedunia.com/college/12727-adhiyamaan-college-of-engineering-hosur
311,Ajay Kumar Garg Engineering College - [AKGEC],Ghaziabad,https://collegedunia.com/college/12753-ajay-kumar-garg-engineering-college-akgec-ghaziabad
312,Atria Institute of Technology,Bangalore,https://collegedunia.com/college/12906-atria-institute-of-technology-bangalore
313,Bhubaneswar Engineering College - [BEC],Bhubaneswar,https://collegedunia.com/college/13080-bhubaneswar-engineering-college-bec-bhubaneswar
314,College of Engineering Bhubaneswar - [COEB],Bhubaneswar,https://collegedunia.com/college/13241-college-of-engineering-bhubaneswar-coeb-bhubaneswar
315,Guru Tegh Bahadur Institute of Technology - [GTBIT],New Delhi,https://collegedunia.com/college/13667-guru-tegh-bahadur-institute-of-technology-gtbit-new-delhi
316,Krishna Engineering College - [KEC],Ghaziabad,https://collegedunia.com/college/14036-krishna-engineering-college-kec-ghaziabad
317,Meerut Institute of Engineering and Technology - [MIET],Meerut,https://collegedunia.com/college/14316-meerut-institute-of-engineering-and-technology-miet-meerut
318,RNS Institute of Technology - [RNSIT],Bangalore,https://collegedunia.com/college/14664-rns-institute-of-technology-rnsit-bangalore
319,Raj Kumar Goel Institute of Technology - [RKGIT],Ghaziabad,https://collegedunia.com/college/14698-raj-kumar-goel-institute-of-technology-rkgit-ghaziabad
320,Rajeev Gandhi Memorial College of Engineering and Technology Nandyal - [RGMCET],Kurnool,https://collegedunia.com/college/14723-rajeev-gandhi-memorial-college-of-engineering-and-technology-nandyal-rgmcet-kurnool
321,Rizvi College of Engineering - [RCOE],Mumbai,https://collegedunia.com/college/14783-rizvi-college-of-engineering-rcoe-mumbai
322,S.A. Engineering College,Chennai,https://collegedunia.com/college/14807-sa-engineering-college-chennai
323,Sir M Visvesvaraya Institute of Technology - [Sir MVIT],Bangalore,https://collegedunia.com/college/15151-sir-m-visvesvaraya-institute-of-technology-sir-mvit-bangalore
324,St Martin's Engineering College - [SMEC],Hyderabad,https://collegedunia.com/college/15318-st-martins-engineering-college-smec-hyderabad
325,"Swami Keshvanand Institute of Technology, Management and Gramothan - [SKIT]",Jaipur,https://collegedunia.com/college/15381-swami-keshvanand-institute-of-technology-management-and-gramothan-skit-jaipur
326,Arka Jain University,Jamshedpur,https://collegedunia.com/university/15904-arka-jain-university-jamshedpur
327,Maharishi Markandeshwar - [MMU],Solan,https://collegedunia.com/university/25562-maharishi-markandeshwar-mmu-solan
328,Nitte University - [NITTE],Mangalore,https://collegedunia.com/university/25622-nitte-university-nitte-mangalore
329,MIT Academy of Engineering - [MITAOE],Pune,https://collegedunia.com/college/28795-mit-academy-of-engineering-mitaoe-pune
330,Vivekananda Global University - [VGU],Jaipur,https://collegedunia.com/university/54832-vivekananda-global-university-vgu-jaipur
331,Shri Ramswaroop Memorial University - [SRMU],Lucknow,https://collegedunia.com/university/54934-shri-ramswaroop-memorial-university-srmu-lucknow
332,Amity University,Ranchi,https://collegedunia.com/university/56503-amity-university-ranchi
333,Chandigarh Group of Colleges - [CGC] Jhanjeri,Mohali,https://collegedunia.com/college/57350-chandigarh-group-of-colleges-cgc-jhanjeri-mohali
334,PSG Institute of Technology and Applied Research - [PSG iTech],Coimbatore,https://collegedunia.com/college/57691-psg-institute-of-technology-and-applied-research-psg-itech-coimbatore
335,XIM University,Bhubaneswar,https://collegedunia.com/university/57960-xim-university-bhubaneswar
336,Swami Vivekanand University,Sagar,https://collegedunia.com/university/58430-swami-vivekanand-university-sagar
337,Mahaveer Institute of Engineering & Technology - [MIET],Meerut,https://collegedunia.com/college/58553-mahaveer-institute-of-engineering-and-technology-miet-meerut
338,Anant National University - [AnantU],Ahmedabad,https://collegedunia.com/university/59309-anant-national-university-anantu-ahmedabad
339,Atmiya University,Rajkot,https://collegedunia.com/university/59956-atmiya-university-rajkot
340,Acropolis Group of Institutions,Indore,https://collegedunia.com/college/59968-acropolis-group-of-institutions-indore
341,Echelon Institute of Technology,Faridabad,https://collegedunia.com/college/13433-echelon-institute-of-technology-faridabad
342,AISSMS College of Engineering - [AISSMSCOE],Pune,https://collegedunia.com/college/12779-aissms-college-of-engineering-aissmscoe-pune
343,Amal Jyothi College of Engineering - [AJCE],Kanjirappally,https://collegedunia.com/college/12792-amal-jyothi-college-of-engineering-ajce-kanjirappally
344,Bengal Institute of Technology - [BIT],Kolkata,https://collegedunia.com/college/13016-bengal-institute-of-technology-bit-kolkata
345,Bhagwan Parshuram Institute of Technology - [BPIT],New Delhi,https://collegedunia.com/college/13032-bhagwan-parshuram-institute-of-technology-bpit-new-delhi
346,Bhilai Institute of Technology - [BIT],Durg,https://collegedunia.com/college/13071-bhilai-institute-of-technology-bit-durg
347,Canara Engineering College - [CEC],Mangalore,https://collegedunia.com/college/13160-canara-engineering-college-cec-mangalore
348,DKTE Society's Textile and Engineering Institute - [DKTE],Kolhapur,https://collegedunia.com/college/13293-dkte-societys-textile-and-engineering-institute-dkte-kolhapur
349,East West Institute of Technology - [EWIT],Bangalore,https://collegedunia.com/college/13430-east-west-institute-of-technology-ewit-bangalore
350,GS Mandal's Marathwada Institute of Technology - [MIT],Aurangabad,https://collegedunia.com/college/13512-gs-mandals-marathwada-institute-of-technology-mit-aurangabad
351,Hindustan College of Engineering - [HCE],Kollam,https://collegedunia.com/college/13720-hindustan-college-of-engineering-hce-kollam
352,IMS Engineering College - [IMSEC],Ghaziabad,https://collegedunia.com/college/13759-ims-engineering-college-imsec-ghaziabad
353,Jayawantrao Sawant College of Engineering- [JSCOE],Pune,https://collegedunia.com/college/13872-jayawantrao-sawant-college-of-engineering-jscoe-pune
354,Jerusalem College of Engineering - [JCE],Chennai,https://collegedunia.com/college/13878-jerusalem-college-of-engineering-jce-chennai
355,Keshav Memorial Institute of Technology - [KMIT],Hyderabad,https://collegedunia.com/college/13998-keshav-memorial-institute-of-technology-kmit-hyderabad
356,MIT-WPU Faculty of Engineering,Pune,https://collegedunia.com/college/14137-mitwpu-faculty-of-engineering-pune
357,Maharashtra Institute of Technology - [MIT],Aurangabad,https://collegedunia.com/college/14205-maharashtra-institute-of-technology-mit-aurangabad
358,Mahendra Engineering College,Namakkal,https://collegedunia.com/college/14225-mahendra-engineering-college-namakkal
359,Malnad College of Engineering - [MCE],Hassan,https://collegedunia.com/college/14247-malnad-college-of-engineering-mce-hassan
360,Marian Engineering College - [MEC],Thiruvananthapuram,https://collegedunia.com/college/14287-marian-engineering-college-mec-thiruvananthapuram
361,Dr. Akhilesh Das Gupta Institute of Technology & Management - [ADGITM],New Delhi,https://collegedunia.com/college/14513-dr-akhilesh-das-gupta-institute-of-technology-and-management-adgitm-new-delhi
362,Pillai College of Engineering - [PCE] Navi Mumbai,Mumbai,https://collegedunia.com/college/14562-pillai-college-of-engineering-pce-navi-mumbai-mumbai
363,Poornima College of Engineering,Jaipur,https://collegedunia.com/college/14574-poornima-college-of-engineering-jaipur
364,Pune Institute of Computer Technology- [PICT],Pune,https://collegedunia.com/college/14624-pune-institute-of-computer-technology-pict-pune
365,SNS College of Engineering - [SNSCE],Coimbatore,https://collegedunia.com/college/14841-sns-college-of-engineering-snsce-coimbatore
366,Saintgits College of Engineering,Kottayam,https://collegedunia.com/college/14902-saintgits-college-of-engineering-kottayam
367,Saranathan College of Engineering - [SCE],Tiruchirappalli,https://collegedunia.com/college/14939-saranathan-college-of-engineering-sce-tiruchirappalli
368,Sardar Vallabhbhai Patel Institute of Technology - [SVIT] Vasad,Anand,https://collegedunia.com/college/14950-sardar-vallabhbhai-patel-institute-of-technology-svit-vasad-anand
369,Sethu Institute of Technology,Kariapatti,https://collegedunia.com/college/14998-sethu-institute-of-technology-kariapatti
370,Siliguri Institute of Technology - [SIT],Darjeeling,https://collegedunia.com/college/15136-siliguri-institute-of-technology-sit-darjeeling
371,Trichy Engineering College - [TEC],Tiruchirappalli,https://collegedunia.com/college/15487-trichy-engineering-college-tec-tiruchirappalli
372,JSS Academy of Technical Education - [JSSATE],Noida,https://collegedunia.com/college/16644-jss-academy-of-technical-education-jssate-noida
373,Vaagdevi College of Engineering - [VCOE],Warangal,https://collegedunia.com/college/19119-vaagdevi-college-of-engineering-vcoe-warangal
374,Jharkhand Rai University - [JRU],Ranchi,https://collegedunia.com/university/25582-jharkhand-rai-university-jru-ranchi
375,Shridhar University,Pilani,https://collegedunia.com/university/25845-shridhar-university-pilani
376,University of Engineering and Management - [UEM],Jaipur,https://collegedunia.com/college/25851-university-of-engineering-and-management-uem-jaipur
377,Amrita Vishwa Vidyapeetham,Coimbatore,https://collegedunia.com/university/28384-amrita-vishwa-vidyapeetham-coimbatore
378,International Institute of Information Technology - [IIT],Pune,https://collegedunia.com/college/28422-international-institute-of-information-technology-iit-pune
379,CMR Engineering College - [CMREC],Hyderabad,https://collegedunia.com/college/28500-cmr-engineering-college-cmrec-hyderabad
380,Lingaya's Vidyapeeth,Faridabad,https://collegedunia.com/university/28681-lingayas-vidyapeeth-faridabad
381,Matrusri Engineering College,Hyderabad,https://collegedunia.com/college/28771-matrusri-engineering-college-hyderabad
382,Vemana Institute of Technology,Bangalore,https://collegedunia.com/college/45836-vemana-institute-of-technology-bangalore
383,SRM University Delhi NCR,Sonepat,https://collegedunia.com/university/54838-srm-university-delhi-ncr-sonepat
384,SRM University Sikkim,Gangtok,https://collegedunia.com/university/55045-srm-university-sikkim-gangtok
385,The Northcap University - [NCU],Gurgaon,https://collegedunia.com/university/55139-the-northcap-university-ncu-gurgaon
386,LNCT University - [LNCTU],Bhopal,https://collegedunia.com/university/56938-lnct-university-lnctu-bhopal
387,Jaipur Engineering College and Research Centre,Jaipur,https://collegedunia.com/college/57062-jaipur-engineering-college-and-research-centre-jaipur
388,Avantika University,Ujjain,https://collegedunia.com/university/57749-avantika-university-ujjain
389,Dayananda Sagar University - [DSU],Bangalore,https://collegedunia.com/university/57903-dayananda-sagar-university-dsu-bangalore
390,C. U. Shah University,Wadhwan,https://collegedunia.com/university/57953-c-u-shah-university-wadhwan
391,Techno Main Salt Lake,Kolkata,https://collegedunia.com/college/58121-techno-main-salt-lake-kolkata
392,P.P. Savani University,Surat,https://collegedunia.com/university/59211-pp-savani-university-surat
393,VIT University - [VIT- AP],Guntur,https://collegedunia.com/university/59270-vit-university-vit-ap-guntur
394,Usha Martin University - [UMU],Ranchi,https://collegedunia.com/university/59359-usha-martin-university-umu-ranchi
395,Sangai International University - [SIU],Churachandpur,https://collegedunia.com/university/60505-sangai-international-university-siu-churachandpur
396,Pranveer Singh Institute of Technology - [PSIT],Kanpur,https://collegedunia.com/college/14584-pranveer-singh-institute-of-technology-psit-kanpur
397,Rama University,Kanpur,https://collegedunia.com/university/56477-rama-university-kanpur
398,Birla Institute of Technology - [BIT],Jaipur,https://collegedunia.com/college/8245-birla-institute-of-technology-bit-jaipur
399,Institute of Advanced Studies in Education - [IASE University],Sardarshahr,https://collegedunia.com/university/25808-institute-of-advanced-studies-in-education-iase-university-sardarshahr
400,Jayoti Vidyapeeth Women's University - [JVWU],Jaipur,https://collegedunia.com/university/54865-jayoti-vidyapeeth-womens-university-jvwu-jaipur
401,Anurag College of Engineering - [ACE],Ghatkesar,https://collegedunia.com/college/9254-anurag-college-of-engineering-ace-ghatkesar
402,Agni College of Technology,Chennai,https://collegedunia.com/college/12741-agni-college-of-technology-chennai
403,Bengal College of Engineering and Technology - [BCET],Durgapur,https://collegedunia.com/college/13015-bengal-college-of-engineering-and-technology-bcet-durgapur
404,Chandigarh Engineering College - [CEC] Landran,Mohali,https://collegedunia.com/college/13197-chandigarh-engineering-college-cec-landran-mohali
405,Delhi Technical Campus - [DTC],Jhajjar,https://collegedunia.com/college/13329-delhi-technical-campus-dtc-jhajjar
406,Dr. B.C. Roy Engineering College - [BCREC],Durgapur,https://collegedunia.com/college/13372-dr-bc-roy-engineering-college-bcrec-durgapur
407,Erode Sengunthar Engineering College,Perundurai,https://collegedunia.com/college/13450-erode-sengunthar-engineering-college-perundurai
408,Geethanjali College of Engineering and Technology - [GCET] Keesara,Hyderabad,https://collegedunia.com/college/13548-geethanjali-college-of-engineering-and-technology-gcet-keesara-hyderabad
409,IILM University,Greater Noida,https://collegedunia.com/university/13752-iilm-university-greater-noida
410,Inderprastha Engineering College - [IPEC],Ghaziabad,https://collegedunia.com/college/13781-inderprastha-engineering-college-ipec-ghaziabad
411,Kanpur Institute of Technology - [KIT],Kanpur,https://collegedunia.com/college/13978-kanpur-institute-of-technology-kit-kanpur
412,Kashi Institute of Technology - [KIT],Varanasi,https://collegedunia.com/college/13989-kashi-institute-of-technology-kit-varanasi
413,Lakshmi Narain College of Technology - [LNCT],Jabalpur,https://collegedunia.com/college/14075-lakshmi-narain-college-of-technology-lnct-jabalpur
414,Meenakshi Sundararajan Engineering College - [MSEC],Chennai,https://collegedunia.com/college/14315-meenakshi-sundararajan-engineering-college-msec-chennai
415,Nandha Engineering College - [NEC],Erode,https://collegedunia.com/college/14420-nandha-engineering-college-nec-erode
416,Pragati Engineering College,East Godavari,https://collegedunia.com/college/14580-pragati-engineering-college-east-godavari
417,Prathyusha Engineering College - [PEC],Thiruvallur,https://collegedunia.com/college/14591-prathyusha-engineering-college-pec-thiruvallur
418,RCC Institute of Information Technology - [RCCIIT],Kolkata,https://collegedunia.com/college/14641-rcc-institute-of-information-technology-rcciit-kolkata
419,RMD Engineering College,Thiruvallur,https://collegedunia.com/college/14657-rmd-engineering-college-thiruvallur
420,Sambhram Institute of Technology - [SAIT],Bangalore,https://collegedunia.com/college/14909-sambhram-institute-of-technology-sait-bangalore
421,Sphoorthy Engineering College - [SPHN],Hyderabad,https://collegedunia.com/college/15179-sphoorthy-engineering-college-sphn-hyderabad
422,Sri Eshwar College of Engineering - [SECE],Coimbatore,https://collegedunia.com/college/15212-sri-eshwar-college-of-engineering-sece-coimbatore
423,SJB Institute of Technology - [SJBIT],Bangalore,https://collegedunia.com/college/15217-sjb-institute-of-technology-sjbit-bangalore
424,The Oxford College of Engineering,Bangalore,https://collegedunia.com/college/15468-the-oxford-college-of-engineering-bangalore
425,Bhilai Institute of Technology - [BITR],Raipur,https://collegedunia.com/college/17369-bhilai-institute-of-technology-bitr-raipur
426,Jaipur Engineering College - [JEC],Jaipur,https://collegedunia.com/college/18176-jaipur-engineering-college-jec-jaipur
427,Vidyavardhaka College of Engineering - [VVCE],Mysore,https://collegedunia.com/college/19173-vidyavardhaka-college-of-engineering-vvce-mysore
428,Vidya Jyothi Institute of Technology - [VJIT],Hyderabad,https://collegedunia.com/college/24593-vidya-jyothi-institute-of-technology-vjit-hyderabad
429,GITAM,Visakhapatnam,https://collegedunia.com/university/25354-gitam-visakhapatnam
430,Modern Vidya Niketan - [MVN University],Palwal,https://collegedunia.com/university/25532-modern-vidya-niketan-mvn-university-palwal
431,Arni University,Kangra,https://collegedunia.com/university/25547-arni-university-kangra
432,Bahra University - [BU],Solan,https://collegedunia.com/university/25549-bahra-university-bu-solan
433,Amrita Vishwa Vidyapeetham Bengaluru Campus,Bangalore,https://collegedunia.com/university/25592-amrita-vishwa-vidyapeetham-bengaluru-campus-bangalore
434,Sangam University - [SU],Bhilwara,https://collegedunia.com/university/25844-sangam-university-su-bhilwara
435,Periyar Maniammai Institute of Science and Technology - [PMIST],Thanjavur,https://collegedunia.com/university/25891-periyar-maniammai-institute-of-science-and-technology-pmist-thanjavur
436,Shri Venkateshwara University - [SVU],Amroha,https://collegedunia.com/university/25975-shri-venkateshwara-university-svu-amroha
437,St Joseph College of Engineering,Chennai,https://collegedunia.com/college/28498-st-joseph-college-of-engineering-chennai
438,Lakshmi Narain College of Technology - [LNCT],Bhopal,https://collegedunia.com/college/28668-lakshmi-narain-college-of-technology-lnct-bhopal
439,GMR Institute of Technology - [GMRIT],Rajam,https://collegedunia.com/college/28671-gmr-institute-of-technology-gmrit-rajam
440,Panimalar Institute of Technology-[PIT],Chennai,https://collegedunia.com/college/28756-panimalar-institute-of-technologypit-chennai
441,Muthayammal Engineering College - [MEC],Namakkal,https://collegedunia.com/college/28824-muthayammal-engineering-college-mec-namakkal
442,Technocrats Institute of Technology - [TIT] (Excellence),Bhopal,https://collegedunia.com/college/28836-technocrats-institute-of-technology-tit-excellence-bhopal
443,Vel Tech Rangarajan Dr. Sagunthala R and D Institute of Science and Technology - [Vel Tech],Chennai,https://collegedunia.com/university/54852-vel-tech-rangarajan-dr-sagunthala-r-and-d-institute-of-science-and-technology-vel-tech-chennai
444,RNB Global University - [RNBGU],Bikaner,https://collegedunia.com/university/55795-rnb-global-university-rnbgu-bikaner
445,Axis Colleges,Kanpur,https://collegedunia.com/college/55890-axis-colleges-kanpur
446,Amity University,Greater Noida,https://collegedunia.com/university/56579-amity-university-greater-noida
447,Netaji Subhas Institute of Technology - [NSIT],Patna,https://collegedunia.com/college/57620-netaji-subhas-institute-of-technology-nsit-patna
448,Excel Engineering College,Namakkal,https://collegedunia.com/college/57775-excel-engineering-college-namakkal
449,Muthayammal College of Engineering - [MCE],Rasipuram,https://collegedunia.com/college/57807-muthayammal-college-of-engineering-mce-rasipuram
450,Sandip University,Nashik,https://collegedunia.com/university/58502-sandip-university-nashik
451,IIMT University - [IIMTU],Meerut,https://collegedunia.com/university/59031-iimt-university-iimtu-meerut
452,Bengal College of Engineering - [BCE],Durgapur,https://collegedunia.com/college/59104-bengal-college-of-engineering-bce-durgapur
453,Apex University - [AU],Jaipur,https://collegedunia.com/university/59939-apex-university-au-jaipur
454,JSS Science and Technology University -[JSSSTU],Mysore,https://collegedunia.com/university/60372-jss-science-and-technology-university-jssstu-mysore
455,Dev Bhoomi Uttarakhand University - [DBUU],Dehradun,https://collegedunia.com/university/63221-dev-bhoomi-uttarakhand-university-dbuu-dehradun
456,Eternal University - [EU],Sirmaur,https://collegedunia.com/university/25554-eternal-university-eu-sirmaur
457,Sardar Patel University - [SPUBGT],Balaghat,https://collegedunia.com/university/59925-sardar-patel-university-spubgt-balaghat
458,Aalim Muhammed Salegh College of Engineering - [AALIMEC],Chennai,https://collegedunia.com/college/12695-aalim-muhammed-salegh-college-of-engineering-aalimec-chennai
459,Accurate Institute of Management and Technology - [AIMT],Greater Noida,https://collegedunia.com/college/12713-accurate-institute-of-management-and-technology-aimt-greater-noida
460,Asians Institute of Technology,Jaipur,https://collegedunia.com/college/12897-asians-institute-of-technology-jaipur
461,Bhoj Reddy Engineering College for Women,Hyderabad,https://collegedunia.com/college/13078-bhoj-reddy-engineering-college-for-women-hyderabad
462,Budge Budge Institute of Technology - [BBIT],Kolkata,https://collegedunia.com/college/13117-budge-budge-institute-of-technology-bbit-kolkata
463,Calcutta Institute of Technology - [CIT],Howrah,https://collegedunia.com/college/13152-calcutta-institute-of-technology-cit-howrah
464,Camellia Institute of Technology - [CIT],Kolkata,https://collegedunia.com/college/13157-camellia-institute-of-technology-cit-kolkata
465,City Engineering College - [CEC],Bangalore,https://collegedunia.com/college/13230-city-engineering-college-cec-bangalore
466,Dream Institute of Technology,Kolkata,https://collegedunia.com/college/13412-dream-institute-of-technology-kolkata
467,Jaya Engineering College - [JEC],Chennai,https://collegedunia.com/college/13865-jaya-engineering-college-jec-chennai
468,KLN College of Engineering - [KLNCE],Sivaganga,https://collegedunia.com/college/13926-kln-college-of-engineering-klnce-sivaganga
469,Kamaraj College of Engineering and Technology - [KCET],Virudhunagar,https://collegedunia.com/college/13969-kamaraj-college-of-engineering-and-technology-kcet-virudhunagar
470,MCKV Institute of Engineering - [MCKVIE],Kolkata,https://collegedunia.com/college/14124-mckv-institute-of-engineering-mckvie-kolkata
471,Mahakal Institute of Technology - [MIT],Ujjain,https://collegedunia.com/college/14185-mahakal-institute-of-technology-mit-ujjain
472,Mangalam College of Engineering Ettumanoor - [MLM],Kottayam,https://collegedunia.com/college/14256-mangalam-college-of-engineering-ettumanoor-mlm-kottayam
473,Moradabad Institute of Technology - [MIT],Moradabad,https://collegedunia.com/college/14364-moradabad-institute-of-technology-mit-moradabad
474,Muffakham Jah College of Engineering & Technology - [MJCET],Hyderabad,https://collegedunia.com/college/14373-muffakham-jah-college-of-engineering-and-technology-mjcet-hyderabad
475,Nalla Malla Reddy Engineering College - [NMREC],Hyderabad,https://collegedunia.com/college/14417-nalla-malla-reddy-engineering-college-nmrec-hyderabad
476,Narasaraopeta Engineering College - [NEC],Narasaraopet,https://collegedunia.com/college/14426-narasaraopeta-engineering-college-nec-narasaraopet
477,Oriental Institute of Science and Technology - [OIST],Jabalpur,https://collegedunia.com/college/14532-oriental-institute-of-science-and-technology-oist-jabalpur
478,Sri Sai Ranganathan Engineering College - [SSREC],Coimbatore,https://collegedunia.com/college/14752-sri-sai-ranganathan-engineering-college-ssrec-coimbatore
479,SKR Engineering College,Chennai,https://collegedunia.com/college/14832-skr-engineering-college-chennai
480,Sagar Institute of Science and Technology - [SISTec] - Sagar Group of Institutions,Bhopal,https://collegedunia.com/college/14887-sagar-institute-of-science-and-technology-sistec-sagar-group-of-institutions-bhopal
481,Sai Vidya Institute of Technology - [SVIT],Bangalore,https://collegedunia.com/college/14901-sai-vidya-institute-of-technology-svit-bangalore
482,Sikkim Manipal Institute of Technology - [SMIT],East Sikkim,https://collegedunia.com/college/15134-sikkim-manipal-institute-of-technology-smit-east-sikkim
483,Sri Ramakrishna Institute of Technology - [SRIT],Coimbatore,https://collegedunia.com/college/15244-sri-ramakrishna-institute-of-technology-srit-coimbatore
484,Sri Shakthi Institute of Engineering and Technology - [SIET],Coimbatore,https://collegedunia.com/college/15259-sri-shakthi-institute-of-engineering-and-technology-siet-coimbatore
485,Thejus Engineering College,Thrissur,https://collegedunia.com/college/15473-thejus-engineering-college-thrissur
486,Prestige Institute of Management & Research - [PIMR],Bhopal,https://collegedunia.com/college/15492-prestige-institute-of-management-and-research-pimr-bhopal
487,JSPM Narhe Technical Campus - [JSPM NTC] Narhe,Pune,https://collegedunia.com/college/18154-jspm-narhe-technical-campus-jspm-ntc-narhe-pune
488,VSB Engineering College - [VSBEC],Karur,https://collegedunia.com/college/19113-vsb-engineering-college-vsbec-karur
489,Vishnu Institute of Technology - [VIT],Bhimavaram,https://collegedunia.com/college/19203-vishnu-institute-of-technology-vit-bhimavaram
490,PSR Engineering College,Virudhunagar,https://collegedunia.com/college/24316-psr-engineering-college-virudhunagar
491,Tula's Institute,Dehradun,https://collegedunia.com/college/24536-tulas-institute-dehradun
492,Velalar College of Engineering and Technology -[VCET],Erode,https://collegedunia.com/college/24589-velalar-college-of-engineering-and-technology-vcet-erode
493,Bhagwant University,Ajmer,https://collegedunia.com/university/25799-bhagwant-university-ajmer
494,ICFAI University,Jaipur,https://collegedunia.com/university/25809-icfai-university-jaipur
495,United Group of Institutions - [UGI],Greater Noida,https://collegedunia.com/college/28074-united-group-of-institutions-ugi-greater-noida
496,Annamacharya Institute of Technology and Sciences,Kadapa,https://collegedunia.com/college/28391-annamacharya-institute-of-technology-and-sciences-kadapa
497,Babu Banarasi Das Institute of Technology & Management - [BBDITM],Lucknow,https://collegedunia.com/college/28421-babu-banarasi-das-institute-of-technology-and-management-bbditm-lucknow
498,JB Institute of Technology - [JBIT],Dehradun,https://collegedunia.com/college/28468-jb-institute-of-technology-jbit-dehradun
499,Malla Reddy Engineering College for Women - [MRECW],Secunderabad,https://collegedunia.com/college/28750-malla-reddy-engineering-college-for-women-mrecw-secunderabad
500,St. Peter's Institute of Higher Education and Research - [SPIHER],Chennai,https://collegedunia.com/university/28970-st-peters-institute-of-higher-education-and-research-spiher-chennai
